user_id,name,email,age,gender,municipality_id,created_at
1,Brenda Alves,brenda.alves@bol.com.br,40,Masculino,41,2026-03-03 13:38:16.997340
2,Henry Gabriel Carvalho,henry.gabriel.carvalho@hotmail.com,32,Masculino,18,2025-11-30 01:49:00.681966
3,Ísis Borges,isis.borges@outlook.com.br,30,Feminino,9,2024-12-20 23:17:00.967361
4,Arthur Borges,arthur.borges@uol.com.br,30,Masculino,44,2024-12-18 00:46:54.802499
5,Thiago Pereira,thiago.pereira@gmail.com,54,Feminino,35,2026-03-20 15:25:39.402573
6,Fernanda Silva,fernanda.silva@icloud.com,43,Não-binário,28,2026-04-28 06:03:03.544942
7,Hellena Machado,hellena.machado@bol.com.br,27,Feminino,6,2025-12-18 10:52:55.283878
8,Emanuel Sampaio,emanuel.sampaio@outlook.com.br,41,Feminino,33,2025-03-25 02:05:07.267057
9,Dr. Eduardo Cunha,dr..eduardo.cunha@terra.com.br,37,Feminino,36,2026-01-01 07:31:38.886471
10,Caleb Garcia,caleb.garcia@hotmail.com,16,Feminino,42,2025-01-14 13:44:25.597263
11,Dr. João Aparecida,dr..joao.aparecida@live.com,20,Feminino,27,2025-12-17 04:35:51.178979
12,Camila Garcia,camila.garcia@hotmail.com,38,Feminino,38,2025-11-06 18:23:45.966210
13,Laís Pires,lais.pires@terra.com.br,53,Feminino,1,2024-12-05 08:02:10.435992
14,Evelyn Santos,evelyn.santos@hotmail.com,31,Masculino,11,2025-01-16 19:15:29.391112
15,Ian Vargas,ian.vargas@bol.com.br,26,Masculino,22,2025-11-06 23:45:41.255699
16,Igor Brito,igor.brito@outlook.com.br,35,Feminino,14,2024-07-19 10:49:13.392934
17,Rafael Porto,rafael.porto@terra.com.br,26,Masculino,22,2026-03-09 22:52:02.476080
18,Léo Fogaça,leo.fogaca@uol.com.br,30,Feminino,25,2026-03-13 19:09:53.529112
19,Juliana Sampaio,juliana.sampaio@hotmail.com,33,Feminino,23,2025-03-23 21:24:09.622930
20,Eloá Nascimento,eloa.nascimento@uol.com.br,20,Masculino,3,2024-12-25 16:30:21.540758
21,Ravi Garcia,ravi.garcia@bol.com.br,44,Feminino,35,2026-02-22 02:55:13.670638
22,Hellena Rodrigues,hellena.rodrigues@terra.com.br,18,Masculino,25,2026-03-26 08:09:24.020215
23,Ian Andrade,ian.andrade@terra.com.br,16,Não-binário,19,2024-10-16 22:00:05.905979
24,Juliana Azevedo,juliana.azevedo@uol.com.br,36,Masculino,40,2024-09-07 16:24:38.284782
25,Luara Cunha,luara.cunha@live.com,43,Feminino,24,2025-04-11 08:29:02.254871
26,Natália Casa Grande,natalia.casa.grande@bol.com.br,36,Feminino,5,2026-04-18 10:09:01.276506
27,Josué Souza,josue.souza@icloud.com,32,Feminino,15,2024-11-25 08:27:06.749100
28,Julia Souza,julia.souza@outlook.com.br,30,Feminino,6,2024-09-28 18:39:44.233004
29,Maria Liz Fonseca,maria.liz.fonseca@uol.com.br,28,Feminino,7,2025-08-27 09:52:45.909631
30,Thomas Monteiro,thomas.monteiro@hotmail.com,47,Masculino,30,2025-03-01 12:30:04.810889
31,Daniel Cassiano,daniel.cassiano@yahoo.com.br,38,Feminino,24,2026-01-26 15:24:40.204000
32,Mariana Peixoto,mariana.peixoto@hotmail.com,28,Prefiro não informar,23,2025-12-24 20:16:54.778940
33,Maria Helena Peixoto,maria.helena.peixoto@live.com,25,Feminino,18,2025-01-14 05:25:07.442027
34,Isis Novaes,isis.novaes@gmail.com,41,Masculino,44,2025-02-20 21:00:19.900286
35,Bruna Rodrigues,bruna.rodrigues@icloud.com,47,Masculino,39,2025-03-02 00:21:53.129842
36,Luigi Camargo,luigi.camargo@bol.com.br,46,Feminino,35,2024-12-26 02:40:11.259963
37,Eduarda Marques,eduarda.marques@gmail.com,23,Masculino,11,2025-06-30 22:01:42.387245
38,Dra. Julia Montenegro,dra..julia.montenegro@yahoo.com.br,29,Masculino,18,2024-06-26 20:00:27.753499
39,Bianca Pires,bianca.pires@bol.com.br,27,Feminino,41,2025-01-23 18:52:44.753953
40,Sofia Pereira,sofia.pereira@uol.com.br,31,Feminino,15,2025-01-26 06:28:50.100132
41,Marcelo Teixeira,marcelo.teixeira@yahoo.com.br,44,Masculino,4,2025-12-11 03:59:32.607611
42,Vitória Abreu,vitoria.abreu@terra.com.br,51,Masculino,3,2024-11-02 23:13:49.969357
43,Allana Camargo,allana.camargo@terra.com.br,38,Masculino,26,2025-11-14 01:57:11.820989
44,Isaque Araújo,isaque.araujo@uol.com.br,25,Masculino,14,2024-08-19 07:18:47.209258
45,Anna Liz Barros,anna.liz.barros@live.com,33,Masculino,37,2024-09-14 01:01:25.950933
46,Vitor Vargas,vitor.vargas@yahoo.com.br,54,Feminino,21,2025-12-22 15:52:26.615606
47,Renan Novaes,renan.novaes@yahoo.com.br,35,Feminino,32,2025-08-16 13:23:02.623851
48,Vinícius Pereira,vinicius.pereira@outlook.com.br,30,Masculino,42,2025-07-03 07:17:19.955514
49,Vitor Hugo Sá,vitor.hugo.sa@uol.com.br,31,Feminino,17,2026-02-11 18:12:38.275097
50,Sra. Maria Liz Rios,sra..maria.liz.rios@terra.com.br,38,Masculino,36,2025-05-08 05:10:53.520922
51,Stella Machado,stella.machado@hotmail.com,23,Masculino,38,2025-07-24 14:18:42.125224
52,Henry Gabriel Azevedo,henry.gabriel.azevedo@terra.com.br,27,Masculino,38,2025-08-13 22:04:17.449109
53,Yuri da Conceição,yuri.da.conceicao@uol.com.br,45,Masculino,15,2024-06-21 08:55:36.947216
54,Brayan Santos,brayan.santos@gmail.com,38,Feminino,9,2025-05-28 19:57:29.758447
55,Bernardo Andrade,bernardo.andrade@terra.com.br,35,Masculino,6,2024-12-07 10:51:35.112360
56,Théo da Costa,theo.da.costa@bol.com.br,46,Masculino,8,2026-02-02 12:15:57.005817
57,Raquel Cunha,raquel.cunha@icloud.com,24,Feminino,11,2024-11-12 01:04:00.043328
58,Renan da Cruz,renan.da.cruz@live.com,29,Feminino,28,2025-03-29 00:19:41.821330
59,Esther Brito,esther.brito@hotmail.com,37,Feminino,25,2025-08-26 08:47:45.552085
60,Marina Fogaça,marina.fogaca@outlook.com.br,37,Masculino,30,2025-05-15 02:52:44.408404
61,Nina Siqueira,nina.siqueira@gmail.com,16,Feminino,36,2024-09-24 22:54:03.608858
62,Beatriz Araújo,beatriz.araujo@outlook.com.br,28,Feminino,1,2025-01-29 07:14:19.347686
63,Sra. Bianca da Cruz,sra..bianca.da.cruz@uol.com.br,31,Masculino,8,2025-01-28 07:15:56.881273
64,Vitor Gabriel Machado,vitor.gabriel.machado@yahoo.com.br,39,Masculino,35,2024-12-10 21:15:10.680699
65,Emilly da Mota,emilly.da.mota@live.com,37,Não-binário,42,2025-09-24 09:03:07.391082
66,Breno Macedo,breno.macedo@icloud.com,33,Feminino,19,2025-07-20 03:56:37.639533
67,Benicio Rezende,benicio.rezende@icloud.com,16,Feminino,30,2026-05-18 05:28:43.282167
68,Caleb Sá,caleb.sa@uol.com.br,33,Feminino,17,2024-07-09 04:16:47.780335
69,Nicolas Mendonça,nicolas.mendonca@live.com,34,Feminino,12,2025-05-30 02:56:52.319930
70,Murilo Araújo,murilo.araujo@yahoo.com.br,66,Feminino,7,2024-09-18 03:17:16.896272
71,Agatha Gomes,agatha.gomes@bol.com.br,31,Feminino,20,2024-10-08 07:57:17.822529
72,Laura Lima,laura.lima@icloud.com,37,Masculino,33,2025-03-20 05:18:01.612219
73,Raquel Cassiano,raquel.cassiano@uol.com.br,48,Feminino,10,2025-08-31 18:14:50.195287
74,Henrique Araújo,henrique.araujo@icloud.com,43,Masculino,11,2025-05-07 22:25:56.258365
75,Levi Araújo,levi.araujo@gmail.com,52,Masculino,34,2024-08-15 13:18:33.458948
76,Pietra Montenegro,pietra.montenegro@icloud.com,16,Masculino,39,2025-10-05 14:10:41.672357
77,Benjamin Moraes,benjamin.moraes@hotmail.com,21,Feminino,2,2026-03-03 04:37:19.972592
78,Bernardo Peixoto,bernardo.peixoto@hotmail.com,26,Masculino,24,2024-09-12 09:28:20.829254
79,Isabela Guerra,isabela.guerra@hotmail.com,16,Masculino,20,2025-12-03 21:12:04.270754
80,Isadora Pacheco,isadora.pacheco@gmail.com,34,Feminino,16,2024-09-12 21:26:19.440140
81,Anna Liz Leão,anna.liz.leao@icloud.com,22,Masculino,6,2026-03-21 13:01:19.218935
82,Dr. Gustavo Rios,dr..gustavo.rios@terra.com.br,54,Feminino,32,2024-10-26 06:48:33.633153
83,João Gonçalves,joao.goncalves@yahoo.com.br,23,Masculino,35,2024-11-30 09:58:53.715513
84,Letícia Marques,leticia.marques@terra.com.br,29,Masculino,9,2025-02-12 16:11:10.240239
85,Anthony Marques,anthony.marques@hotmail.com,44,Masculino,36,2026-01-24 21:52:01.521245
86,Vitor Gabriel Cunha,vitor.gabriel.cunha@icloud.com,17,Masculino,34,2024-09-16 19:07:29.675164
87,Davi Lucca Ferreira,davi.lucca.ferreira@hotmail.com,16,Feminino,28,2024-07-14 10:42:11.444669
88,Léo da Paz,leo.da.paz@yahoo.com.br,36,Masculino,35,2024-12-07 19:32:40.907466
89,Ísis Santos,isis.santos@bol.com.br,37,Feminino,13,2025-01-06 10:27:26.123900
90,Vitória Albuquerque,vitoria.albuquerque@icloud.com,44,Feminino,26,2024-06-22 21:29:26.909149
91,Cauã Carvalho,caua.carvalho@bol.com.br,40,Masculino,42,2025-09-01 02:32:08.007028
92,Cauê Souza,caue.souza@icloud.com,37,Masculino,34,2025-07-08 11:01:58.168664
93,João Gabriel da Paz,joao.gabriel.da.paz@uol.com.br,25,Feminino,16,2025-12-14 05:05:05.056331
94,Sra. Gabrielly Rodrigues,sra..gabrielly.rodrigues@bol.com.br,37,Masculino,22,2026-05-05 18:37:27.954773
95,Rebeca da Cunha,rebeca.da.cunha@gmail.com,37,Feminino,36,2025-12-10 10:04:20.972559
96,Otávio da Mota,otavio.da.mota@gmail.com,24,Feminino,15,2026-05-15 11:11:38.058182
97,Lucas Gabriel Vargas,lucas.gabriel.vargas@yahoo.com.br,58,Masculino,41,2026-04-09 06:55:14.579320
98,Julia Castro,julia.castro@live.com,40,Feminino,5,2024-08-24 16:56:37.613389
99,Mariane Novais,mariane.novais@gmail.com,21,Feminino,22,2026-03-31 21:35:47.478734
100,Breno Sales,breno.sales@yahoo.com.br,44,Masculino,16,2025-11-06 13:34:55.075424
101,Ana Carolina Freitas,ana.carolina.freitas@icloud.com,46,Masculino,32,2025-12-21 12:49:17.890236
102,Pedro Cardoso,pedro.cardoso@gmail.com,39,Masculino,9,2024-12-30 03:40:36.815519
103,Luiz Otávio Vieira,luiz.otavio.vieira@gmail.com,30,Feminino,37,2025-04-12 03:38:39.424880
104,Sr. Josué Rios,sr..josue.rios@hotmail.com,24,Feminino,16,2024-11-17 06:23:37.218895
105,Dr. Eduardo da Costa,dr..eduardo.da.costa@yahoo.com.br,32,Masculino,27,2026-01-07 05:06:48.379394
106,Noah Alves,noah.alves@yahoo.com.br,38,Masculino,7,2025-02-13 05:05:23.309353
107,Sra. Maria Sophia Rios,sra..maria.sophia.rios@uol.com.br,34,Masculino,23,2025-07-27 23:52:44.879755
108,Emanuel Viana,emanuel.viana@hotmail.com,52,Masculino,30,2024-09-22 19:32:33.458606
109,Ana Carolina Melo,ana.carolina.melo@uol.com.br,42,Feminino,4,2025-02-03 03:28:32.179701
110,Raul Ferreira,raul.ferreira@bol.com.br,22,Feminino,42,2026-03-12 14:34:47.152730
111,Henry Gabriel Alves,henry.gabriel.alves@uol.com.br,20,Não-binário,26,2024-12-26 18:00:42.171077
112,Luísa da Mota,luisa.da.mota@hotmail.com,40,Não-binário,7,2025-11-27 10:34:24.924501
113,Luiz Fernando Ramos,luiz.fernando.ramos@icloud.com,31,Feminino,13,2025-05-10 02:23:57.603502
114,Zoe Farias,zoe.farias@gmail.com,43,Masculino,9,2025-07-29 04:23:18.422815
115,José Pedro Cavalcanti,jose.pedro.cavalcanti@bol.com.br,40,Não-binário,18,2025-06-30 15:50:54.423109
116,Cauê Peixoto,caue.peixoto@outlook.com.br,33,Masculino,5,2025-07-14 07:24:12.539167
117,Dr. Pedro Henrique Pereira,dr..pedro.henrique.pereira@icloud.com,22,Masculino,36,2026-03-12 23:08:00.118367
118,Matheus Oliveira,matheus.oliveira@uol.com.br,16,Feminino,42,2024-06-20 00:03:16.310398
119,Augusto Santos,augusto.santos@outlook.com.br,36,Masculino,1,2024-07-11 04:51:46.359418
120,Vicente Nascimento,vicente.nascimento@uol.com.br,17,Masculino,16,2026-01-24 01:58:24.030675
121,Dr. Bernardo Rios,dr..bernardo.rios@terra.com.br,22,Masculino,32,2025-06-17 13:10:42.881112
122,Luara Ribeiro,luara.ribeiro@hotmail.com,35,Prefiro não informar,26,2024-08-26 18:57:35.493922
123,Sra. Sofia das Neves,sra..sofia.das.neves@outlook.com.br,34,Masculino,11,2025-08-28 05:15:05.764276
124,Dr. Juan Novaes,dr..juan.novaes@yahoo.com.br,19,Masculino,25,2025-11-15 20:35:19.041748
125,Otto Rios,otto.rios@outlook.com.br,48,Feminino,30,2025-11-01 19:48:46.633290
126,Emanuella Pimenta,emanuella.pimenta@bol.com.br,47,Feminino,36,2025-02-11 04:33:43.053219
127,Agatha da Rosa,agatha.da.rosa@bol.com.br,40,Masculino,32,2026-02-01 03:24:48.007425
128,Pedro Viana,pedro.viana@terra.com.br,40,Masculino,19,2025-12-19 02:37:29.663911
129,Melina Macedo,melina.macedo@uol.com.br,40,Masculino,4,2025-04-10 01:46:16.011433
130,Olívia Vieira,olivia.vieira@yahoo.com.br,84,Masculino,35,2026-04-07 19:54:46.077100
131,Antonella da Paz,antonella.da.paz@icloud.com,46,Masculino,21,2026-04-10 11:37:24.294555
132,Lívia Borges,livia.borges@uol.com.br,42,Feminino,38,2025-06-20 17:57:10.485252
133,Luana Câmara,luana.camara@uol.com.br,23,Masculino,34,2026-01-30 07:07:48.614220
134,Apollo Aparecida,apollo.aparecida@uol.com.br,30,Feminino,33,2026-03-25 10:07:38.582249
135,Ana Sophia Marques,ana.sophia.marques@outlook.com.br,64,Feminino,12,2026-04-02 12:50:29.798075
136,Evelyn Silva,evelyn.silva@outlook.com.br,16,Masculino,5,2025-02-01 20:25:44.758025
137,Maria Liz da Cruz,maria.liz.da.cruz@yahoo.com.br,27,Feminino,16,2025-08-10 20:34:14.656271
138,Alana Sá,alana.sa@hotmail.com,48,Masculino,37,2025-11-29 03:34:55.765744
139,Hellena Cavalcanti,hellena.cavalcanti@icloud.com,24,Masculino,39,2026-04-22 16:20:24.264757
140,Ana Julia Novais,ana.julia.novais@uol.com.br,42,Feminino,6,2025-07-31 01:01:17.120486
141,Rafael Carvalho,rafael.carvalho@live.com,34,Masculino,38,2025-04-19 20:11:15.645909
142,Vitória Novais,vitoria.novais@terra.com.br,25,Masculino,21,2024-08-04 04:56:05.532101
143,Sofia Lima,sofia.lima@icloud.com,16,Masculino,14,2025-02-05 16:36:13.045921
144,Eduarda Souza,eduarda.souza@live.com,36,Feminino,21,2025-12-04 10:04:33.585794
145,Joana Sá,joana.sa@uol.com.br,23,Feminino,26,2026-02-17 21:14:41.496931
146,Kamilly Vargas,kamilly.vargas@icloud.com,32,Não-binário,42,2025-10-22 12:02:56.613771
147,Isabella da Mota,isabella.da.mota@live.com,40,Feminino,21,2024-08-08 04:29:31.298451
148,João Pedro da Costa,joao.pedro.da.costa@bol.com.br,45,Feminino,5,2026-05-13 23:30:01.167641
149,Dr. Vitor Hugo Barros,dr..vitor.hugo.barros@yahoo.com.br,27,Masculino,40,2024-06-20 13:57:55.417123
150,Igor Gomes,igor.gomes@yahoo.com.br,25,Masculino,7,2026-03-30 05:13:11.587894
151,Srta. Ana Luiza Leão,srta..ana.luiza.leao@outlook.com.br,17,Não-binário,14,2025-05-31 09:08:13.703931
152,Dr. Oliver Araújo,dr..oliver.araujo@uol.com.br,45,Masculino,9,2024-08-05 05:14:32.818940
153,Maria Julia Vargas,maria.julia.vargas@gmail.com,61,Feminino,5,2024-09-12 00:15:35.734535
154,Maria Helena Mendes,maria.helena.mendes@gmail.com,47,Feminino,24,2025-11-02 00:12:42.579217
155,Dr. Mathias Leão,dr..mathias.leao@icloud.com,50,Feminino,29,2024-10-13 21:05:05.143384
156,Dra. Ísis Pereira,dra..isis.pereira@uol.com.br,24,Feminino,20,2025-03-18 07:48:48.728895
157,Hellena da Mata,hellena.da.mata@outlook.com.br,39,Masculino,42,2025-05-15 05:47:46.911415
158,Ana Gomes,ana.gomes@terra.com.br,44,Feminino,43,2024-10-25 12:39:01.908217
159,Maria Luiza Silveira,maria.luiza.silveira@yahoo.com.br,16,Feminino,20,2024-08-06 06:29:54.734906
160,Carolina Pinto,carolina.pinto@icloud.com,20,Feminino,7,2024-08-01 05:58:33.362489
161,Matteo Pastor,matteo.pastor@gmail.com,55,Masculino,9,2025-11-16 08:58:21.068459
162,Paulo Carvalho,paulo.carvalho@live.com,16,Feminino,7,2024-12-16 19:23:58.952829
163,Benicio da Luz,benicio.da.luz@outlook.com.br,52,Masculino,10,2025-11-10 20:33:00.119200
164,Sr. Rafael Duarte,sr..rafael.duarte@terra.com.br,16,Masculino,39,2025-12-24 01:25:18.477276
165,Lara Sá,lara.sa@outlook.com.br,21,Feminino,22,2025-12-28 23:33:54.550436
166,Bruno Melo,bruno.melo@gmail.com,40,Masculino,41,2024-09-30 11:03:52.925098
167,Dra. Ana Júlia Ferreira,dra..ana.julia.ferreira@uol.com.br,34,Não-binário,33,2025-06-12 12:39:53.582006
168,Ana Lívia Vasconcelos,ana.livia.vasconcelos@gmail.com,28,Masculino,4,2026-03-16 21:23:08.672734
169,Josué Costa,josue.costa@gmail.com,54,Feminino,28,2024-10-16 22:57:07.554768
170,Daniela da Costa,daniela.da.costa@yahoo.com.br,17,Masculino,3,2026-05-18 00:25:56.723971
171,Bruna Nunes,bruna.nunes@uol.com.br,32,Não-binário,9,2025-02-28 12:29:42.940813
172,Jade Vargas,jade.vargas@terra.com.br,41,Masculino,17,2026-01-27 09:25:22.074955
173,Danilo Vasconcelos,danilo.vasconcelos@yahoo.com.br,37,Feminino,29,2025-04-29 07:46:08.130276
174,Cauê Pacheco,caue.pacheco@gmail.com,25,Feminino,28,2025-04-22 20:45:52.818423
175,Marcos Vinicius Gonçalves,marcos.vinicius.goncalves@uol.com.br,26,Feminino,8,2026-03-28 19:54:11.342739
176,Joaquim Caldeira,joaquim.caldeira@bol.com.br,45,Masculino,10,2025-05-03 14:04:59.308850
177,Bárbara Vieira,barbara.vieira@gmail.com,45,Masculino,24,2025-04-07 17:50:21.418697
178,Dr. Léo Azevedo,dr..leo.azevedo@icloud.com,37,Masculino,10,2025-07-23 15:34:59.604971
179,Manuela Albuquerque,manuela.albuquerque@outlook.com.br,23,Masculino,3,2025-10-16 17:15:34.996226
180,Bianca Lopes,bianca.lopes@terra.com.br,26,Masculino,3,2024-08-29 06:03:57.982879
181,Natália Santos,natalia.santos@yahoo.com.br,33,Feminino,14,2025-01-28 01:16:46.690976
182,Emanuelly Siqueira,emanuelly.siqueira@icloud.com,35,Masculino,43,2026-03-09 13:04:01.761290
183,Júlia Pimenta,julia.pimenta@icloud.com,41,Masculino,36,2024-09-08 14:32:13.256243
184,Nina Lopes,nina.lopes@bol.com.br,31,Feminino,27,2024-07-07 19:32:16.870897
185,Sr. Caio da Mota,sr..caio.da.mota@live.com,44,Feminino,10,2024-08-10 11:10:04.010993
186,Ravi Nunes,ravi.nunes@outlook.com.br,44,Masculino,16,2024-09-22 06:37:27.492617
187,Sr. Thales Duarte,sr..thales.duarte@yahoo.com.br,50,Feminino,12,2024-09-10 12:12:27.941962
188,Hadassa Fogaça,hadassa.fogaca@bol.com.br,34,Masculino,2,2026-01-14 22:44:27.076467
189,Dr. João Guilherme Novais,dr..joao.guilherme.novais@gmail.com,38,Não-binário,22,2024-11-18 19:54:24.712991
190,Esther Barros,esther.barros@uol.com.br,32,Masculino,27,2024-11-04 22:26:58.797082
191,Sra. Rebeca Novais,sra..rebeca.novais@uol.com.br,23,Feminino,16,2025-11-14 17:39:50.683726
192,Sra. Rebeca Machado,sra..rebeca.machado@gmail.com,61,Feminino,7,2025-08-25 17:17:56.617337
193,Juan Câmara,juan.camara@outlook.com.br,49,Masculino,3,2024-09-26 11:38:00.159091
194,Srta. Lorena Ribeiro,srta..lorena.ribeiro@terra.com.br,44,Masculino,15,2025-12-31 19:10:35.240043
195,Vitória Ferreira,vitoria.ferreira@outlook.com.br,33,Feminino,30,2025-09-17 17:44:18.489511
196,Dra. Luísa Fogaça,dra..luisa.fogaca@live.com,22,Masculino,15,2025-12-15 10:53:03.864993
197,Leandro da Cunha,leandro.da.cunha@uol.com.br,46,Feminino,43,2026-01-05 07:25:10.401940
198,Gael Dias,gael.dias@hotmail.com,32,Feminino,22,2025-11-06 11:28:06.869329
199,Dra. Ester Correia,dra..ester.correia@uol.com.br,39,Masculino,5,2024-07-12 16:15:46.987155
200,Sra. Kamilly Silveira,sra..kamilly.silveira@icloud.com,26,Feminino,18,2025-09-16 16:44:42.113075
201,Larissa Brito,larissa.brito@uol.com.br,37,Feminino,33,2025-08-13 17:24:11.313904
202,Ian Fonseca,ian.fonseca@yahoo.com.br,27,Masculino,35,2025-09-30 16:40:55.970393
203,Anthony Gabriel Santos,anthony.gabriel.santos@icloud.com,27,Feminino,2,2026-02-28 18:15:30.848026
204,João Guilherme Aparecida,joao.guilherme.aparecida@gmail.com,37,Prefiro não informar,17,2026-01-15 12:03:38.477889
205,Lavínia Sampaio,lavinia.sampaio@yahoo.com.br,16,Masculino,17,2026-04-23 17:16:44.704075
206,Rebeca Caldeira,rebeca.caldeira@gmail.com,16,Não-binário,39,2025-07-20 07:19:43.882010
207,Larissa Melo,larissa.melo@live.com,24,Masculino,21,2025-07-19 00:34:57.903506
208,Manuela Cirino,manuela.cirino@gmail.com,31,Masculino,33,2026-02-28 13:09:02.981906
209,Rhavi Camargo,rhavi.camargo@hotmail.com,45,Feminino,37,2026-01-07 10:40:35.718101
210,Rebeca Barbosa,rebeca.barbosa@gmail.com,31,Masculino,3,2025-01-09 08:24:26.033709
211,Dom Nunes,dom.nunes@bol.com.br,33,Feminino,1,2025-05-21 13:20:17.318693
212,Josué Campos,josue.campos@icloud.com,30,Feminino,35,2025-01-24 16:47:59.754609
213,Heloisa Vasconcelos,heloisa.vasconcelos@icloud.com,38,Masculino,43,2026-01-02 13:48:35.391927
214,Milena Macedo,milena.macedo@bol.com.br,23,Masculino,28,2026-04-01 12:26:23.903081
215,Mariane das Neves,mariane.das.neves@gmail.com,32,Feminino,43,2024-08-13 23:02:58.615933
216,Beatriz Teixeira,beatriz.teixeira@uol.com.br,39,Masculino,40,2025-10-12 18:13:01.786870
217,Hadassa da Luz,hadassa.da.luz@hotmail.com,36,Feminino,8,2025-01-01 16:07:42.172916
218,Isaque Cavalcanti,isaque.cavalcanti@icloud.com,34,Masculino,20,2025-05-30 12:20:30.955947
219,Emanuel Abreu,emanuel.abreu@outlook.com.br,34,Masculino,43,2025-08-07 14:59:56.886710
220,Olivia da Rocha,olivia.da.rocha@gmail.com,40,Masculino,26,2025-01-17 10:53:55.109523
221,João Pedro Santos,joao.pedro.santos@bol.com.br,61,Masculino,36,2026-02-20 09:33:53.912902
222,Sra. Ana Sophia Rodrigues,sra..ana.sophia.rodrigues@uol.com.br,24,Masculino,27,2025-02-09 01:11:07.818812
223,Gael Henrique Lima,gael.henrique.lima@hotmail.com,62,Feminino,25,2025-01-31 09:03:30.669905
224,Heloisa Ramos,heloisa.ramos@yahoo.com.br,23,Feminino,12,2025-03-15 15:20:57.883261
225,Diego Barbosa,diego.barbosa@gmail.com,16,Masculino,20,2025-08-09 05:56:13.793506
226,Leandro Peixoto,leandro.peixoto@bol.com.br,27,Feminino,1,2025-10-19 18:54:03.068250
227,Camila Martins,camila.martins@bol.com.br,38,Feminino,14,2025-07-23 13:52:44.688615
228,Sra. Júlia Montenegro,sra..julia.montenegro@icloud.com,58,Masculino,38,2025-03-21 20:05:08.217384
229,Maysa Barros,maysa.barros@gmail.com,22,Masculino,21,2025-06-29 00:11:54.253861
230,Luna Pereira,luna.pereira@bol.com.br,40,Masculino,29,2025-02-01 13:27:44.936663
231,Caleb da Conceição,caleb.da.conceicao@gmail.com,16,Masculino,33,2025-06-23 06:28:19.476204
232,Juliana Oliveira,juliana.oliveira@gmail.com,57,Masculino,11,2025-02-13 07:18:26.942495
233,Ravy Moreira,ravy.moreira@live.com,49,Prefiro não informar,19,2025-05-24 16:24:22.440328
234,Fernando Pacheco,fernando.pacheco@outlook.com.br,27,Feminino,41,2025-03-13 00:25:06.491684
235,Rebeca Borges,rebeca.borges@live.com,16,Não-binário,6,2024-10-24 14:29:08.864823
236,Dr. Lucas Gabriel Duarte,dr..lucas.gabriel.duarte@hotmail.com,51,Masculino,16,2025-02-03 13:01:57.844703
237,Lucas Jesus,lucas.jesus@live.com,32,Feminino,15,2024-11-01 21:44:36.136027
238,Murilo Teixeira,murilo.teixeira@icloud.com,50,Feminino,10,2026-05-03 09:39:12.550282
239,Rafael Borges,rafael.borges@terra.com.br,34,Masculino,16,2024-06-30 17:52:29.342154
240,Lorenzo Camargo,lorenzo.camargo@outlook.com.br,34,Não-binário,40,2024-10-02 16:24:24.229096
241,Agatha Ribeiro,agatha.ribeiro@icloud.com,28,Feminino,5,2025-07-05 17:00:30.136372
242,Maria Sophia Aragão,maria.sophia.aragao@uol.com.br,42,Feminino,41,2025-04-12 12:43:44.003724
243,Maria Cecília Pinto,maria.cecilia.pinto@live.com,35,Feminino,25,2025-06-08 10:27:48.818249
244,Melina Teixeira,melina.teixeira@gmail.com,40,Masculino,16,2026-02-06 04:48:05.048878
245,João Felipe Novaes,joao.felipe.novaes@yahoo.com.br,16,Feminino,1,2024-09-02 15:18:53.710737
246,Pedro Lucas Sampaio,pedro.lucas.sampaio@live.com,50,Masculino,7,2024-11-21 14:32:13.798712
247,Arthur Pires,arthur.pires@uol.com.br,54,Masculino,15,2026-01-17 09:06:13.490389
248,Srta. Luana Novaes,srta..luana.novaes@gmail.com,35,Masculino,34,2025-06-29 07:33:42.980949
249,Maria Luísa Borges,maria.luisa.borges@uol.com.br,60,Masculino,36,2025-11-27 01:28:08.046165
250,Ravi Campos,ravi.campos@yahoo.com.br,56,Feminino,8,2025-07-04 23:26:28.795564
251,Lavínia Moraes,lavinia.moraes@bol.com.br,42,Masculino,30,2025-02-07 04:41:38.733177
252,Rafaela Melo,rafaela.melo@uol.com.br,51,Feminino,36,2025-03-29 16:24:03.778969
253,Clara Gomes,clara.gomes@uol.com.br,47,Feminino,29,2025-03-17 15:26:27.519369
254,Sophia Souza,sophia.souza@yahoo.com.br,16,Feminino,33,2025-07-25 18:45:19.025189
255,João Guilherme Vargas,joao.guilherme.vargas@outlook.com.br,30,Masculino,36,2025-07-12 08:39:04.741601
256,Dr. Alexandre da Paz,dr..alexandre.da.paz@bol.com.br,43,Masculino,11,2024-12-15 22:35:18.858188
257,Rebeca Cassiano,rebeca.cassiano@live.com,55,Masculino,31,2025-07-09 10:49:41.081707
258,Rafaela Ferreira,rafaela.ferreira@terra.com.br,16,Não-binário,16,2024-10-09 14:18:12.543321
259,Ísis Garcia,isis.garcia@live.com,16,Feminino,18,2024-11-30 10:19:48.373707
260,Sr. Isaque Oliveira,sr..isaque.oliveira@outlook.com.br,33,Prefiro não informar,34,2025-06-15 06:46:12.407590
261,Noah Aparecida,noah.aparecida@terra.com.br,16,Masculino,16,2025-11-09 06:45:46.410427
262,Sra. Maria Helena Gomes,sra..maria.helena.gomes@yahoo.com.br,32,Feminino,5,2025-01-06 00:26:46.709283
263,Ana Carolina Cardoso,ana.carolina.cardoso@icloud.com,38,Feminino,16,2025-11-11 07:11:10.323669
264,Luísa Brito,luisa.brito@live.com,21,Feminino,21,2024-09-02 09:08:57.152842
265,Vinicius Marques,vinicius.marques@gmail.com,33,Masculino,6,2026-02-12 15:18:56.759503
266,Srta. Maria Luísa Rezende,srta..maria.luisa.rezende@yahoo.com.br,46,Feminino,15,2025-08-25 09:00:25.513753
267,Ravy Viana,ravy.viana@bol.com.br,27,Feminino,10,2025-01-11 00:09:30.310313
268,Dr. Bruno Farias,dr..bruno.farias@icloud.com,23,Feminino,5,2025-08-03 02:13:09.656076
269,Luiza Pires,luiza.pires@live.com,32,Feminino,22,2025-05-05 16:07:58.222323
270,Ana Carolina Pinto,ana.carolina.pinto@hotmail.com,20,Feminino,27,2026-04-06 21:56:09.823905
271,João Pedro da Conceição,joao.pedro.da.conceicao@hotmail.com,59,Feminino,27,2025-08-20 20:47:22.369903
272,Beatriz Teixeira,beatriz.teixeira@hotmail.com,34,Masculino,38,2024-07-27 06:09:28.208471
273,Eloah Sales,eloah.sales@bol.com.br,24,Masculino,2,2024-09-27 18:54:06.686258
274,Augusto Duarte,augusto.duarte@gmail.com,36,Masculino,37,2025-08-27 05:35:55.370452
275,Luiz Henrique Freitas,luiz.henrique.freitas@outlook.com.br,32,Masculino,1,2024-07-29 13:56:24.558386
276,Joaquim Moura,joaquim.moura@outlook.com.br,31,Masculino,20,2024-12-09 01:37:04.436408
277,Emilly Cavalcante,emilly.cavalcante@yahoo.com.br,27,Feminino,27,2025-05-08 17:53:40.070933
278,Mateus Pinto,mateus.pinto@uol.com.br,26,Masculino,35,2024-11-06 14:12:53.021472
279,Cecília da Conceição,cecilia.da.conceicao@live.com,16,Feminino,15,2025-06-12 17:44:41.197761
280,Jade Marques,jade.marques@bol.com.br,51,Masculino,18,2025-07-19 09:57:20.168699
281,Alexia Martins,alexia.martins@bol.com.br,41,Masculino,2,2025-08-21 07:11:56.347674
282,Ísis Castro,isis.castro@hotmail.com,38,Masculino,43,2025-01-30 02:24:58.793485
283,Manuella Pastor,manuella.pastor@bol.com.br,32,Masculino,26,2024-12-29 13:45:10.281102
284,Mariana Sales,mariana.sales@bol.com.br,21,Feminino,30,2024-08-14 19:42:02.781940
285,Liz Costa,liz.costa@outlook.com.br,24,Feminino,40,2025-05-11 14:43:22.885874
286,Bianca da Costa,bianca.da.costa@outlook.com.br,16,Feminino,26,2025-04-01 04:12:04.930024
287,Maria Alice Oliveira,maria.alice.oliveira@bol.com.br,25,Feminino,43,2026-05-01 12:41:08.237338
288,Sra. Alícia Ribeiro,sra..alicia.ribeiro@outlook.com.br,19,Masculino,42,2025-07-24 11:18:19.690897
289,Anthony Nunes,anthony.nunes@gmail.com,55,Masculino,30,2026-01-13 06:57:08.476468
290,Sara da Paz,sara.da.paz@uol.com.br,45,Masculino,17,2025-08-28 03:03:18.293901
291,Maria Câmara,maria.camara@uol.com.br,35,Masculino,14,2025-07-06 05:03:04.823003
292,Isis Rocha,isis.rocha@yahoo.com.br,22,Masculino,22,2024-12-03 15:20:27.266569
293,Aylla Pires,aylla.pires@gmail.com,20,Feminino,25,2025-11-06 17:17:19.886165
294,Pedro Lucas Andrade,pedro.lucas.andrade@terra.com.br,31,Feminino,27,2025-11-24 21:50:17.757802
295,Srta. Ayla da Rocha,srta..ayla.da.rocha@terra.com.br,46,Feminino,6,2025-06-25 06:50:42.545835
296,Sra. Emanuella Costa,sra..emanuella.costa@yahoo.com.br,58,Prefiro não informar,35,2026-04-14 00:57:42.413448
297,Maria Clara Moura,maria.clara.moura@icloud.com,16,Feminino,23,2025-12-14 13:04:03.417270
298,Enzo da Cunha,enzo.da.cunha@live.com,41,Feminino,5,2024-11-19 15:17:05.159533
299,Lucca Camargo,lucca.camargo@live.com,25,Feminino,42,2026-04-22 07:39:47.841534
300,Diego Sá,diego.sa@uol.com.br,27,Feminino,2,2024-07-24 18:31:22.405337
301,Maria Laura Novais,maria.laura.novais@terra.com.br,34,Feminino,13,2024-10-10 00:57:19.376708
302,Miguel Albuquerque,miguel.albuquerque@bol.com.br,23,Prefiro não informar,40,2026-02-02 19:58:35.726936
303,Camila Marques,camila.marques@terra.com.br,30,Não-binário,9,2025-06-23 00:10:27.033978
304,Julia Pacheco,julia.pacheco@outlook.com.br,22,Masculino,8,2025-04-20 17:18:39.684872
305,Maria Fernanda Caldeira,maria.fernanda.caldeira@uol.com.br,26,Feminino,14,2025-06-28 23:25:44.681838
306,Amanda Pinto,amanda.pinto@icloud.com,43,Masculino,17,2024-11-29 16:06:43.011415
307,Sr. Benício Porto,sr..benicio.porto@live.com,35,Masculino,11,2025-03-22 09:00:09.953952
308,Sra. Maria Luísa Camargo,sra..maria.luisa.camargo@yahoo.com.br,43,Feminino,8,2024-11-22 01:05:46.724110
309,Arthur Miguel da Rosa,arthur.miguel.da.rosa@live.com,25,Feminino,11,2024-07-14 04:41:27.646898
310,Calebe da Costa,calebe.da.costa@icloud.com,41,Feminino,7,2025-04-10 10:05:47.377841
311,Mathias Marques,mathias.marques@terra.com.br,16,Feminino,20,2025-04-12 10:36:53.865617
312,Ágatha Leão,agatha.leao@yahoo.com.br,34,Masculino,25,2025-08-15 20:12:19.377074
313,Beatriz Mendonça,beatriz.mendonca@outlook.com.br,42,Feminino,13,2026-03-28 07:15:33.020052
314,Arthur Gabriel Sales,arthur.gabriel.sales@terra.com.br,16,Masculino,41,2025-12-01 12:07:49.465114
315,Pedro Miguel Macedo,pedro.miguel.macedo@uol.com.br,25,Feminino,20,2024-10-02 07:04:24.899910
316,Sr. Léo Nogueira,sr..leo.nogueira@terra.com.br,34,Feminino,39,2024-11-02 15:07:48.758680
317,Miguel da Mota,miguel.da.mota@uol.com.br,47,Feminino,37,2024-11-18 15:43:34.252086
318,Rafael Borges,rafael.borges@uol.com.br,26,Masculino,23,2025-05-12 13:52:47.563621
319,Alícia Aragão,alicia.aragao@terra.com.br,40,Masculino,43,2025-09-03 02:24:33.406332
320,Davi Lucas Viana,davi.lucas.viana@uol.com.br,52,Feminino,33,2025-02-21 05:16:23.994644
321,Yuri Costela,yuri.costela@uol.com.br,41,Masculino,1,2024-10-02 19:07:46.079066
322,Lucas Vasconcelos,lucas.vasconcelos@yahoo.com.br,31,Não-binário,32,2026-03-07 14:56:49.103451
323,Agatha da Mota,agatha.da.mota@yahoo.com.br,38,Masculino,24,2025-03-01 14:10:12.782985
324,Vitor Hugo da Cunha,vitor.hugo.da.cunha@yahoo.com.br,26,Feminino,30,2025-01-10 09:12:53.228656
325,Apollo Cardoso,apollo.cardoso@gmail.com,35,Masculino,28,2026-01-17 04:53:56.593515
326,Sr. Lorenzo Almeida,sr..lorenzo.almeida@yahoo.com.br,31,Masculino,34,2024-07-13 16:02:28.734721
327,Benjamim Cardoso,benjamim.cardoso@outlook.com.br,38,Feminino,18,2025-03-15 08:40:20.826841
328,Bruna Souza,bruna.souza@hotmail.com,28,Feminino,35,2024-11-24 06:01:25.081527
329,Melissa Vasconcelos,melissa.vasconcelos@terra.com.br,39,Masculino,30,2025-07-19 14:20:54.663124
330,Bianca Machado,bianca.machado@icloud.com,28,Masculino,38,2025-11-13 14:57:17.858783
331,Augusto Siqueira,augusto.siqueira@icloud.com,45,Feminino,16,2024-10-15 23:43:07.977496
332,Raul Ramos,raul.ramos@gmail.com,29,Masculino,6,2025-11-06 06:00:19.488839
333,Rhavi Guerra,rhavi.guerra@outlook.com.br,16,Feminino,29,2025-11-30 19:05:39.197731
334,Bianca Mendonça,bianca.mendonca@live.com,20,Feminino,30,2025-04-16 14:31:33.489855
335,Bruno Duarte,bruno.duarte@yahoo.com.br,34,Feminino,43,2025-08-28 04:58:46.886323
336,Davi Lucas da Mota,davi.lucas.da.mota@icloud.com,55,Masculino,2,2025-06-08 11:39:02.661309
337,Sra. Maria Helena Peixoto,sra..maria.helena.peixoto@icloud.com,44,Masculino,21,2026-01-13 05:05:25.439103
338,Rafael Montenegro,rafael.montenegro@outlook.com.br,16,Masculino,14,2025-09-14 02:56:26.045670
339,Danilo Rezende,danilo.rezende@icloud.com,16,Feminino,17,2025-09-24 06:18:26.765424
340,Srta. Marina Machado,srta..marina.machado@uol.com.br,48,Masculino,39,2025-01-14 16:06:46.779908
341,Maitê Marques,maite.marques@outlook.com.br,42,Masculino,18,2025-04-26 10:42:38.631424
342,Aylla Dias,aylla.dias@outlook.com.br,63,Masculino,34,2024-07-25 20:32:55.296045
343,Dr. Marcelo Cassiano,dr..marcelo.cassiano@live.com,28,Feminino,6,2025-12-02 13:13:06.073460
344,Caleb Barros,caleb.barros@hotmail.com,22,Masculino,27,2025-06-12 11:53:31.822585
345,Aylla Souza,aylla.souza@terra.com.br,34,Masculino,16,2025-01-22 01:45:47.150274
346,Bento Pastor,bento.pastor@icloud.com,27,Masculino,42,2025-01-07 05:02:51.256530
347,Luísa Rios,luisa.rios@hotmail.com,47,Feminino,29,2024-11-11 10:43:40.135357
348,Maria Rios,maria.rios@outlook.com.br,27,Masculino,6,2025-10-26 12:50:32.041736
349,Srta. Laura Peixoto,srta..laura.peixoto@bol.com.br,30,Masculino,26,2025-01-21 05:58:32.847746
350,Sr. Thiago Cunha,sr..thiago.cunha@yahoo.com.br,21,Feminino,20,2025-02-09 17:28:17.893825
351,Rafaela Câmara,rafaela.camara@hotmail.com,43,Masculino,24,2025-06-23 05:13:25.639824
352,Dr. Danilo Teixeira,dr..danilo.teixeira@bol.com.br,22,Masculino,34,2025-09-21 20:52:32.802038
353,Heloisa Lima,heloisa.lima@icloud.com,39,Feminino,36,2025-09-30 22:42:22.345590
354,Amanda Pereira,amanda.pereira@bol.com.br,58,Feminino,30,2025-11-11 20:36:14.496480
355,Fernando da Mata,fernando.da.mata@bol.com.br,16,Feminino,17,2025-12-10 02:57:39.262266
356,Dr. André Cirino,dr..andre.cirino@yahoo.com.br,53,Não-binário,13,2025-10-11 14:47:40.346518
357,Maria Liz Azevedo,maria.liz.azevedo@yahoo.com.br,37,Masculino,35,2024-07-23 21:15:25.147405
358,Dra. Ana Borges,dra..ana.borges@icloud.com,19,Masculino,12,2026-01-06 10:06:41.952322
359,Marcos Vinicius Leão,marcos.vinicius.leao@live.com,35,Masculino,31,2025-11-07 22:48:22.560934
360,Sr. Léo das Neves,sr..leo.das.neves@terra.com.br,43,Masculino,38,2024-07-05 21:00:07.256033
361,Antonella Aragão,antonella.aragao@yahoo.com.br,23,Masculino,34,2025-03-28 17:54:56.013816
362,Benicio Rocha,benicio.rocha@hotmail.com,40,Masculino,7,2024-10-14 15:50:36.585979
363,Pedro Miguel Ribeiro,pedro.miguel.ribeiro@outlook.com.br,54,Masculino,19,2025-12-12 06:16:58.272575
364,Melina Leão,melina.leao@bol.com.br,27,Masculino,12,2025-10-20 21:54:16.230559
365,Théo Camargo,theo.camargo@terra.com.br,21,Prefiro não informar,35,2026-02-20 21:24:22.588394
366,Brenda da Paz,brenda.da.paz@live.com,32,Masculino,3,2024-07-07 11:50:42.566906
367,Lorena Aparecida,lorena.aparecida@uol.com.br,34,Masculino,36,2025-10-28 00:06:15.737448
368,Ana Laura Abreu,ana.laura.abreu@uol.com.br,48,Feminino,9,2025-02-27 23:47:23.259194
369,Heitor Vargas,heitor.vargas@yahoo.com.br,31,Masculino,32,2026-03-09 16:31:39.122276
370,João Vitor Duarte,joao.vitor.duarte@hotmail.com,28,Feminino,1,2025-04-13 15:43:15.996999
371,Theo Souza,theo.souza@outlook.com.br,20,Masculino,31,2025-06-19 09:36:04.663485
372,Davi Lucca Garcia,davi.lucca.garcia@icloud.com,16,Masculino,22,2026-01-11 10:41:25.214808
373,Srta. Sarah Novais,srta..sarah.novais@terra.com.br,17,Masculino,4,2025-11-24 18:21:46.942985
374,Miguel Sousa,miguel.sousa@gmail.com,17,Feminino,31,2026-03-01 15:20:09.728957
375,Allana Marques,allana.marques@hotmail.com,30,Feminino,5,2025-08-13 00:06:53.892603
376,Dr. Nathan Santos,dr..nathan.santos@outlook.com.br,16,Feminino,5,2025-04-11 14:02:40.456645
377,Danilo Guerra,danilo.guerra@gmail.com,16,Masculino,44,2026-04-12 23:22:03.186788
378,Sr. Raul Sales,sr..raul.sales@terra.com.br,33,Feminino,10,2024-10-29 16:48:47.226885
379,Pedro Henrique Caldeira,pedro.henrique.caldeira@uol.com.br,58,Feminino,20,2026-03-21 20:57:38.660196
380,Maria Liz Moura,maria.liz.moura@hotmail.com,48,Masculino,16,2026-02-26 14:00:49.517451
381,Luana Souza,luana.souza@terra.com.br,30,Feminino,27,2025-03-22 01:51:48.452826
382,Lucas Gabriel Vasconcelos,lucas.gabriel.vasconcelos@yahoo.com.br,19,Prefiro não informar,40,2025-12-13 12:27:21.950307
383,Thomas Porto,thomas.porto@hotmail.com,67,Feminino,34,2025-08-27 05:38:56.978657
384,Sophia Correia,sophia.correia@terra.com.br,34,Masculino,29,2025-10-24 08:28:02.545348
385,Sr. Isaac Caldeira,sr..isaac.caldeira@yahoo.com.br,36,Feminino,38,2024-06-26 11:28:29.366968
386,Gael Henrique Cavalcanti,gael.henrique.cavalcanti@yahoo.com.br,32,Feminino,20,2025-04-17 11:01:29.616646
387,Ana Vitória Cavalcanti,ana.vitoria.cavalcanti@live.com,33,Masculino,4,2025-03-19 18:12:02.427415
388,Melissa Rodrigues,melissa.rodrigues@terra.com.br,26,Feminino,7,2024-07-26 04:29:04.684321
389,Luara Cassiano,luara.cassiano@live.com,30,Masculino,14,2025-03-08 15:20:50.961009
390,Ravy Macedo,ravy.macedo@bol.com.br,53,Feminino,17,2025-02-12 04:48:26.262626
391,Benjamin Fogaça,benjamin.fogaca@icloud.com,50,Feminino,11,2025-12-03 14:15:54.054235
392,Leonardo Martins,leonardo.martins@live.com,16,Feminino,36,2026-03-28 22:54:36.728857
393,Benjamin Freitas,benjamin.freitas@bol.com.br,16,Masculino,1,2025-08-07 12:54:17.205522
394,Caleb Pimenta,caleb.pimenta@icloud.com,23,Feminino,39,2025-06-25 13:28:13.269615
395,Nicole Pacheco,nicole.pacheco@icloud.com,46,Feminino,3,2025-12-09 11:11:57.334052
396,Srta. Milena Oliveira,srta..milena.oliveira@uol.com.br,50,Feminino,19,2025-01-13 09:48:32.486492
397,Dr. Theodoro Cassiano,dr..theodoro.cassiano@gmail.com,43,Feminino,30,2026-03-31 16:10:48.105918
398,Bella Fernandes,bella.fernandes@hotmail.com,19,Feminino,15,2024-08-11 18:17:40.029695
399,Emanuella Aparecida,emanuella.aparecida@uol.com.br,27,Masculino,41,2025-04-02 15:32:05.644866
400,Sra. Maysa Moura,sra..maysa.moura@icloud.com,40,Feminino,13,2025-07-26 21:39:55.330017
401,Eduarda Fonseca,eduarda.fonseca@terra.com.br,30,Masculino,35,2025-12-14 03:12:04.447911
402,Mathias Jesus,mathias.jesus@terra.com.br,29,Masculino,10,2024-08-22 14:41:15.793542
403,Ana Júlia Vieira,ana.julia.vieira@terra.com.br,29,Masculino,10,2026-03-31 12:18:53.066960
404,Lucas Brito,lucas.brito@icloud.com,49,Feminino,11,2024-11-11 15:50:24.314264
405,Maria Isis da Paz,maria.isis.da.paz@bol.com.br,41,Feminino,39,2024-12-12 05:30:36.969229
406,Dra. Clarice Farias,dra..clarice.farias@hotmail.com,29,Feminino,37,2024-08-13 15:57:55.848037
407,Cecília Ferreira,cecilia.ferreira@bol.com.br,38,Feminino,29,2026-02-22 10:51:30.753594
408,Maria Júlia Cardoso,maria.julia.cardoso@hotmail.com,17,Masculino,20,2025-01-15 16:28:26.732669
409,Marcos Vinicius Ramos,marcos.vinicius.ramos@terra.com.br,27,Feminino,18,2025-06-04 04:04:02.727908
410,Vinicius Borges,vinicius.borges@outlook.com.br,47,Feminino,32,2025-07-18 01:39:03.931190
411,Maria Cecília Almeida,maria.cecilia.almeida@terra.com.br,16,Masculino,39,2026-04-22 14:20:19.772575
412,Fernando Cunha,fernando.cunha@terra.com.br,41,Feminino,28,2024-12-22 07:49:48.319686
413,Evelyn Câmara,evelyn.camara@yahoo.com.br,16,Feminino,39,2025-11-26 05:49:09.262122
414,Breno da Rocha,breno.da.rocha@hotmail.com,56,Não-binário,6,2025-12-11 06:04:11.337144
415,Ágatha Sousa,agatha.sousa@icloud.com,26,Masculino,44,2024-10-12 07:53:43.030954
416,Lucca Vargas,lucca.vargas@yahoo.com.br,39,Masculino,37,2025-04-04 12:20:05.090192
417,Maria Flor Cassiano,maria.flor.cassiano@yahoo.com.br,35,Feminino,2,2024-06-19 19:11:00.227252
418,Enzo Silveira,enzo.silveira@live.com,35,Feminino,44,2024-10-22 12:07:23.086773
419,Noah Fonseca,noah.fonseca@uol.com.br,38,Masculino,37,2026-04-22 08:06:28.408214
420,Larissa Sá,larissa.sa@live.com,16,Feminino,12,2025-06-25 03:35:10.209741
421,Vitor da Costa,vitor.da.costa@bol.com.br,36,Prefiro não informar,42,2025-07-14 22:32:45.620666
422,Evelyn Freitas,evelyn.freitas@live.com,31,Masculino,18,2026-01-13 10:58:56.375945
423,Larissa Vasconcelos,larissa.vasconcelos@outlook.com.br,26,Feminino,38,2025-07-19 09:07:55.981583
424,Vitória Leão,vitoria.leao@yahoo.com.br,23,Masculino,32,2024-07-11 03:52:19.322746
425,Davi Miguel da Cunha,davi.miguel.da.cunha@gmail.com,36,Feminino,31,2025-09-18 22:15:15.315300
426,Rafaela Freitas,rafaela.freitas@icloud.com,21,Masculino,22,2025-10-07 18:13:16.679747
427,Valentim Campos,valentim.campos@bol.com.br,47,Feminino,7,2024-09-27 02:05:02.450667
428,Enrico da Mata,enrico.da.mata@live.com,40,Feminino,22,2025-08-05 08:21:44.969634
429,Clara Lopes,clara.lopes@hotmail.com,37,Masculino,32,2025-10-30 17:56:27.736539
430,Rael Ferreira,rael.ferreira@gmail.com,46,Masculino,26,2024-10-28 00:05:26.219047
431,Ana Júlia Gonçalves,ana.julia.goncalves@icloud.com,16,Masculino,36,2026-04-24 19:29:17.558627
432,Sr. Matheus Barros,sr..matheus.barros@terra.com.br,17,Feminino,6,2025-10-12 08:06:42.334348
433,Arthur Dias,arthur.dias@hotmail.com,40,Feminino,21,2026-02-28 08:31:01.545456
434,Dra. Lívia Vieira,dra..livia.vieira@yahoo.com.br,24,Masculino,26,2024-09-22 01:30:07.876542
435,Arthur Miguel da Paz,arthur.miguel.da.paz@live.com,26,Feminino,1,2025-02-14 03:18:19.825500
436,Srta. Olivia Machado,srta..olivia.machado@gmail.com,16,Feminino,35,2025-07-01 02:47:50.655480
437,Antony da Cunha,antony.da.cunha@uol.com.br,21,Masculino,4,2026-01-09 04:36:47.896459
438,Yan Siqueira,yan.siqueira@icloud.com,47,Masculino,24,2025-03-10 15:45:03.385048
439,Brenda Vasconcelos,brenda.vasconcelos@bol.com.br,40,Masculino,32,2025-03-08 17:07:59.275070
440,Kevin Campos,kevin.campos@gmail.com,36,Feminino,4,2025-12-29 00:13:17.744575
441,Otto Porto,otto.porto@live.com,26,Masculino,36,2026-02-17 18:58:39.913077
442,Daniel Monteiro,daniel.monteiro@icloud.com,35,Masculino,19,2025-07-17 19:38:58.570023
443,Théo Oliveira,theo.oliveira@uol.com.br,48,Feminino,32,2026-02-24 12:02:30.478229
444,Srta. Lavínia Lima,srta..lavinia.lima@gmail.com,24,Feminino,41,2025-03-20 06:57:21.574883
445,Maria da Costa,maria.da.costa@outlook.com.br,33,Masculino,16,2025-01-08 15:38:54.737936
446,Bryan Moura,bryan.moura@terra.com.br,57,Feminino,20,2025-04-29 21:54:16.856479
447,Vinicius Nogueira,vinicius.nogueira@icloud.com,43,Masculino,36,2025-08-07 21:45:23.232707
448,Alícia Gomes,alicia.gomes@live.com,26,Masculino,15,2024-06-24 22:04:48.209377
449,Mathias Freitas,mathias.freitas@bol.com.br,42,Feminino,8,2025-07-01 11:40:31.360067
450,Srta. Maria Alice Viana,srta..maria.alice.viana@hotmail.com,16,Feminino,8,2025-02-21 02:28:38.022358
451,Sr. Cauã Vargas,sr..caua.vargas@terra.com.br,33,Feminino,10,2025-06-05 15:17:29.475309
452,Augusto Fogaça,augusto.fogaca@icloud.com,42,Masculino,19,2025-05-29 06:57:00.528596
453,Sr. Ravi Sampaio,sr..ravi.sampaio@live.com,38,Masculino,18,2025-08-02 15:45:44.059270
454,Emilly Carvalho,emilly.carvalho@hotmail.com,41,Masculino,31,2024-07-03 07:53:24.620148
455,Sra. Ana Carolina da Rocha,sra..ana.carolina.da.rocha@uol.com.br,44,Feminino,16,2025-07-04 17:59:14.129150
456,Guilherme Aparecida,guilherme.aparecida@terra.com.br,39,Masculino,10,2025-08-24 23:45:17.918812
457,Théo Gonçalves,theo.goncalves@icloud.com,39,Feminino,39,2025-05-29 17:33:10.876462
458,Isis Andrade,isis.andrade@uol.com.br,36,Masculino,9,2024-09-22 16:20:51.005759
459,Luiz Henrique Vasconcelos,luiz.henrique.vasconcelos@gmail.com,19,Masculino,18,2024-11-25 15:03:27.975695
460,Luísa da Mata,luisa.da.mata@hotmail.com,47,Não-binário,27,2025-09-24 14:05:45.296447
461,Dr. Murilo Souza,dr..murilo.souza@live.com,33,Masculino,33,2025-11-14 11:29:57.337714
462,Maitê Cirino,maite.cirino@live.com,42,Masculino,1,2025-11-03 12:18:18.291055
463,Sra. Maria Eduarda Moreira,sra..maria.eduarda.moreira@bol.com.br,46,Feminino,20,2024-10-11 06:24:16.200764
464,Otávio Barros,otavio.barros@outlook.com.br,27,Masculino,38,2024-06-20 06:26:26.886290
465,Emilly Nogueira,emilly.nogueira@bol.com.br,28,Feminino,32,2024-09-21 19:37:19.232529
466,Sr. Bruno Duarte,sr..bruno.duarte@bol.com.br,29,Masculino,29,2025-05-08 11:50:46.660470
467,Pietro Pereira,pietro.pereira@outlook.com.br,50,Feminino,23,2025-09-29 19:00:31.478614
468,Pedro Miguel Ferreira,pedro.miguel.ferreira@live.com,22,Feminino,35,2025-08-29 10:52:15.921144
469,Luiz Gustavo Pimenta,luiz.gustavo.pimenta@outlook.com.br,52,Feminino,21,2024-09-18 18:41:30.198004
470,Benjamin Barbosa,benjamin.barbosa@outlook.com.br,36,Masculino,16,2025-04-15 05:47:58.612753
471,Sr. Arthur Casa Grande,sr..arthur.casa.grande@live.com,37,Feminino,15,2024-09-28 06:58:55.212283
472,Davi Lucas Azevedo,davi.lucas.azevedo@uol.com.br,45,Feminino,27,2026-04-19 22:43:31.350595
473,Maria Clara Fonseca,maria.clara.fonseca@outlook.com.br,35,Masculino,31,2025-01-11 20:10:17.755608
474,Ana Beatriz Pereira,ana.beatriz.pereira@yahoo.com.br,47,Masculino,25,2025-08-23 05:52:37.049345
475,Milena Freitas,milena.freitas@terra.com.br,27,Masculino,43,2024-11-11 19:47:11.400868
476,Ana Vitória Oliveira,ana.vitoria.oliveira@yahoo.com.br,52,Masculino,42,2024-07-02 22:15:18.973856
477,Maria Clara Gonçalves,maria.clara.goncalves@terra.com.br,28,Feminino,32,2024-07-14 02:56:57.967327
478,Lara da Cruz,lara.da.cruz@hotmail.com,52,Masculino,9,2025-06-02 21:30:31.239958
479,Francisco Monteiro,francisco.monteiro@icloud.com,28,Feminino,38,2025-09-30 02:29:20.306231
480,Bárbara da Luz,barbara.da.luz@bol.com.br,30,Feminino,7,2024-09-15 13:36:06.177195
481,Sra. Hadassa Pimenta,sra..hadassa.pimenta@bol.com.br,20,Feminino,29,2026-03-11 16:50:36.520565
482,Sra. Gabriela Campos,sra..gabriela.campos@yahoo.com.br,24,Feminino,30,2026-05-09 18:09:37.278085
483,Rael Cavalcanti,rael.cavalcanti@live.com,33,Feminino,10,2025-08-06 12:21:33.077740
484,Liam Rios,liam.rios@terra.com.br,37,Masculino,42,2024-07-10 12:43:33.096394
485,Srta. Ágatha da Rocha,srta..agatha.da.rocha@bol.com.br,46,Não-binário,5,2025-06-25 20:33:28.452443
486,Erick Vieira,erick.vieira@terra.com.br,31,Feminino,17,2025-09-25 12:10:16.564569
487,Heloisa Campos,heloisa.campos@uol.com.br,19,Prefiro não informar,26,2025-02-19 14:44:39.252006
488,Isaac Vieira,isaac.vieira@live.com,38,Feminino,22,2024-09-30 20:39:55.964495
489,Luiz Miguel Novaes,luiz.miguel.novaes@terra.com.br,36,Masculino,35,2025-08-27 11:50:31.637830
490,Caroline Pimenta,caroline.pimenta@hotmail.com,40,Masculino,21,2025-03-07 17:46:25.653597
491,Leonardo Gonçalves,leonardo.goncalves@live.com,25,Feminino,32,2024-09-16 19:57:55.107737
492,Maria Sophia Vargas,maria.sophia.vargas@outlook.com.br,27,Feminino,3,2025-03-14 06:40:51.762267
493,Ana Sophia Cardoso,ana.sophia.cardoso@terra.com.br,25,Feminino,16,2025-03-04 16:29:41.700631
494,Ana Sophia Machado,ana.sophia.machado@live.com,49,Não-binário,19,2024-06-21 07:14:40.179608
495,Stella Ferreira,stella.ferreira@yahoo.com.br,52,Masculino,6,2025-07-20 17:16:45.378089
496,Emilly Vargas,emilly.vargas@yahoo.com.br,26,Feminino,7,2024-12-04 05:47:20.967707
497,Sarah Araújo,sarah.araujo@hotmail.com,26,Feminino,7,2025-07-13 22:12:01.195500
498,Daniela da Rosa,daniela.da.rosa@yahoo.com.br,42,Masculino,20,2024-08-26 02:28:32.727187
499,Lorenzo Santos,lorenzo.santos@uol.com.br,54,Feminino,3,2025-10-05 10:30:20.153067
500,Dr. Bruno da Cunha,dr..bruno.da.cunha@uol.com.br,57,Masculino,4,2025-10-27 03:25:16.909624
501,Kamilly Cardoso,kamilly.cardoso@bol.com.br,26,Masculino,24,2025-07-23 00:27:43.070505
502,Yasmin Borges,yasmin.borges@icloud.com,28,Não-binário,16,2025-05-13 16:24:21.078363
503,Eloá Pastor,eloa.pastor@yahoo.com.br,37,Masculino,37,2025-01-28 05:45:13.540587
504,Lucca Nunes,lucca.nunes@gmail.com,38,Masculino,12,2026-01-21 12:16:28.904361
505,Bruno Aparecida,bruno.aparecida@bol.com.br,31,Feminino,6,2025-03-19 20:32:16.728981
506,Giovanna Vargas,giovanna.vargas@outlook.com.br,23,Feminino,25,2025-03-12 16:51:56.910857
507,Ana Monteiro,ana.monteiro@icloud.com,33,Feminino,16,2025-06-06 03:11:24.576786
508,Kevin Mendes,kevin.mendes@uol.com.br,57,Feminino,38,2026-02-09 07:37:20.286628
509,Maria Luiza da Rosa,maria.luiza.da.rosa@live.com,27,Masculino,30,2025-02-27 23:12:07.916904
510,Bento Castro,bento.castro@live.com,36,Masculino,30,2025-11-22 18:30:40.690534
511,Rafaela Martins,rafaela.martins@uol.com.br,66,Masculino,1,2024-08-29 06:20:12.002765
512,Sr. Levi Silva,sr..levi.silva@terra.com.br,27,Feminino,30,2024-08-27 15:40:54.060740
513,Sra. Maria Liz Cardoso,sra..maria.liz.cardoso@terra.com.br,42,Feminino,44,2025-05-02 21:09:04.637829
514,Bianca Dias,bianca.dias@uol.com.br,58,Masculino,5,2025-07-15 06:56:22.687641
515,Camila da Mata,camila.da.mata@live.com,41,Masculino,23,2024-06-28 03:27:05.473187
516,Diego Brito,diego.brito@gmail.com,48,Masculino,20,2025-02-27 05:49:47.281266
517,Matheus Pimenta,matheus.pimenta@outlook.com.br,44,Masculino,28,2025-01-22 06:43:58.766411
518,Emanuel Duarte,emanuel.duarte@terra.com.br,40,Masculino,30,2024-10-05 18:53:38.607376
519,Emanuel Monteiro,emanuel.monteiro@icloud.com,51,Feminino,13,2024-06-19 22:31:26.758549
520,Sara das Neves,sara.das.neves@live.com,42,Masculino,31,2026-03-06 20:13:30.386296
521,Caleb Gonçalves,caleb.goncalves@icloud.com,31,Feminino,25,2025-04-15 03:41:55.566627
522,Isabella Cunha,isabella.cunha@terra.com.br,35,Masculino,37,2025-10-25 09:20:37.839749
523,Benicio da Paz,benicio.da.paz@live.com,38,Masculino,19,2026-05-05 03:24:53.121454
524,Olivia da Paz,olivia.da.paz@icloud.com,28,Masculino,43,2025-08-16 10:27:48.789681
525,Cauê Lopes,caue.lopes@yahoo.com.br,36,Masculino,1,2025-04-19 08:23:33.054519
526,Luiz Otávio Teixeira,luiz.otavio.teixeira@outlook.com.br,34,Feminino,44,2024-11-21 16:21:53.478226
527,Sr. Murilo Aragão,sr..murilo.aragao@icloud.com,42,Masculino,4,2024-08-21 01:38:06.639092
528,Luiz Miguel Novaes,luiz.miguel.novaes@bol.com.br,62,Feminino,32,2024-10-14 12:18:23.347766
529,Matheus Montenegro,matheus.montenegro@live.com,37,Não-binário,19,2024-11-23 11:33:05.553588
530,Lara Pinto,lara.pinto@hotmail.com,54,Feminino,15,2025-03-21 13:18:28.911025
531,Calebe Gonçalves,calebe.goncalves@terra.com.br,41,Feminino,23,2025-12-18 04:43:25.485628
532,Dr. Diego Costa,dr..diego.costa@icloud.com,36,Masculino,13,2025-03-11 21:01:42.453879
533,Sarah Aparecida,sarah.aparecida@gmail.com,28,Feminino,44,2024-12-07 14:18:03.460103
534,Davi Miguel Silva,davi.miguel.silva@terra.com.br,36,Masculino,43,2025-01-28 21:38:03.903871
535,Stella Marques,stella.marques@yahoo.com.br,35,Feminino,9,2025-03-06 17:25:54.689016
536,Sophie Carvalho,sophie.carvalho@terra.com.br,24,Masculino,41,2025-02-22 01:28:39.974301
537,Luiza Castro,luiza.castro@outlook.com.br,26,Masculino,20,2024-11-14 11:20:37.927066
538,Letícia Pastor,leticia.pastor@terra.com.br,38,Feminino,3,2025-04-09 19:09:36.251319
539,Sophia Nascimento,sophia.nascimento@live.com,54,Masculino,9,2026-03-18 09:45:33.434869
540,Dra. Letícia Melo,dra..leticia.melo@gmail.com,33,Feminino,19,2025-10-03 19:07:07.276817
541,Dr. Daniel Leão,dr..daniel.leao@bol.com.br,16,Feminino,27,2026-01-17 13:14:48.539528
542,Dra. Amanda Peixoto,dra..amanda.peixoto@live.com,16,Masculino,9,2024-11-15 22:35:05.188875
543,Ian Silveira,ian.silveira@gmail.com,20,Feminino,24,2025-05-13 21:40:48.438456
544,Pietra Cavalcante,pietra.cavalcante@icloud.com,43,Masculino,18,2024-10-16 04:03:35.968564
545,Maria Helena Casa Grande,maria.helena.casa.grande@uol.com.br,17,Não-binário,17,2024-08-18 15:58:39.290003
546,Daniel Correia,daniel.correia@gmail.com,45,Feminino,31,2024-07-12 07:56:51.073431
547,Luara Leão,luara.leao@yahoo.com.br,42,Feminino,19,2024-12-13 21:48:10.468633
548,Gabrielly Jesus,gabrielly.jesus@icloud.com,32,Masculino,22,2024-11-03 12:53:36.065199
549,Olivia Sousa,olivia.sousa@gmail.com,16,Prefiro não informar,30,2024-07-15 11:23:33.647290
550,Srta. Stella Costela,srta..stella.costela@icloud.com,25,Feminino,10,2024-12-08 14:15:17.699650
551,Dr. Vinicius Garcia,dr..vinicius.garcia@terra.com.br,30,Feminino,15,2024-09-25 09:38:16.699559
552,Raul Nascimento,raul.nascimento@terra.com.br,38,Feminino,44,2024-07-03 12:58:13.156550
553,Maria Rocha,maria.rocha@bol.com.br,17,Masculino,36,2025-09-06 10:58:45.011951
554,Rafaela Correia,rafaela.correia@uol.com.br,52,Masculino,26,2026-05-10 18:09:59.739497
555,Kaique Câmara,kaique.camara@bol.com.br,38,Masculino,35,2026-02-22 23:42:33.200544
556,Gustavo Henrique Sales,gustavo.henrique.sales@live.com,39,Masculino,24,2025-02-03 12:28:59.464275
557,Dr. Luiz Fernando Novais,dr..luiz.fernando.novais@bol.com.br,42,Feminino,44,2025-11-17 23:41:18.029056
558,Davi Oliveira,davi.oliveira@icloud.com,51,Feminino,25,2024-10-21 19:23:21.621805
559,Maria Laura Ferreira,maria.laura.ferreira@yahoo.com.br,36,Masculino,24,2026-03-05 15:47:07.738991
560,Asafe da Paz,asafe.da.paz@hotmail.com,43,Masculino,15,2025-06-24 11:11:19.024483
561,Dr. José Miguel Souza,dr..jose.miguel.souza@live.com,25,Feminino,40,2024-09-08 12:51:16.561406
562,Guilherme Nascimento,guilherme.nascimento@bol.com.br,57,Masculino,36,2025-10-02 21:29:40.075685
563,Júlia Carvalho,julia.carvalho@hotmail.com,35,Feminino,40,2025-12-16 13:01:51.739525
564,Isabella da Cruz,isabella.da.cruz@gmail.com,25,Masculino,5,2025-03-01 17:12:50.774582
565,Vitória Câmara,vitoria.camara@uol.com.br,28,Feminino,30,2024-08-21 22:17:15.627881
566,Carlos Eduardo Jesus,carlos.eduardo.jesus@terra.com.br,16,Feminino,20,2025-02-20 00:46:38.288708
567,Sra. Beatriz Rodrigues,sra..beatriz.rodrigues@yahoo.com.br,28,Masculino,8,2026-02-11 15:44:46.283563
568,Yan Castro,yan.castro@outlook.com.br,16,Feminino,3,2025-10-19 10:40:29.938149
569,Olívia Mendes,olivia.mendes@uol.com.br,44,Masculino,32,2026-02-28 05:10:33.325745
570,Lorenzo da Paz,lorenzo.da.paz@gmail.com,39,Feminino,16,2024-09-06 10:02:37.020196
571,Igor Nascimento,igor.nascimento@gmail.com,21,Feminino,9,2025-08-21 10:45:00.132039
572,Oliver Cavalcanti,oliver.cavalcanti@gmail.com,33,Prefiro não informar,24,2025-02-05 03:49:53.483942
573,Sabrina Cirino,sabrina.cirino@bol.com.br,33,Masculino,35,2025-07-31 02:40:13.953478
574,Anthony da Rosa,anthony.da.rosa@hotmail.com,18,Masculino,10,2024-09-07 17:02:54.349753
575,Dr. Rafael Ramos,dr..rafael.ramos@icloud.com,31,Feminino,42,2026-03-12 04:26:11.532707
576,Sabrina Carvalho,sabrina.carvalho@icloud.com,34,Masculino,32,2025-03-15 13:02:34.094186
577,Júlia Correia,julia.correia@hotmail.com,30,Feminino,18,2026-04-27 14:21:58.971007
578,Sr. Raul Ramos,sr..raul.ramos@bol.com.br,25,Feminino,24,2025-12-19 09:52:09.469491
579,Srta. Alice Sousa,srta..alice.sousa@terra.com.br,20,Masculino,29,2024-07-24 02:40:23.327386
580,Gael Cavalcanti,gael.cavalcanti@outlook.com.br,30,Masculino,24,2026-03-11 22:50:32.303821
581,Sophie Duarte,sophie.duarte@hotmail.com,26,Feminino,44,2025-09-05 08:46:21.710091
582,Aylla Cirino,aylla.cirino@yahoo.com.br,41,Feminino,42,2025-09-11 10:16:46.083479
583,Luna da Cruz,luna.da.cruz@gmail.com,52,Feminino,26,2025-11-08 09:11:30.456691
584,Matheus da Costa,matheus.da.costa@live.com,46,Masculino,8,2024-07-25 04:37:07.525906
585,Lucas da Rosa,lucas.da.rosa@gmail.com,34,Masculino,30,2026-03-17 07:53:11.327516
586,Luiz Miguel Sales,luiz.miguel.sales@uol.com.br,25,Masculino,14,2025-02-25 07:21:53.821735
587,Dante Martins,dante.martins@bol.com.br,45,Feminino,39,2024-07-09 17:37:56.486310
588,Nathan Rodrigues,nathan.rodrigues@icloud.com,42,Masculino,4,2024-11-15 17:51:03.169305
589,Sra. Bárbara Porto,sra..barbara.porto@bol.com.br,51,Feminino,16,2024-06-27 07:48:31.729623
590,Sr. Henry Carvalho,sr..henry.carvalho@live.com,36,Masculino,37,2025-12-27 20:32:46.815359
591,Rafael Souza,rafael.souza@terra.com.br,56,Feminino,36,2025-12-26 11:45:22.241434
592,Olivia Sá,olivia.sa@icloud.com,36,Feminino,14,2024-10-28 08:42:35.701798
593,Helena Teixeira,helena.teixeira@uol.com.br,25,Masculino,15,2025-10-02 12:11:58.208419
594,Anna Liz Moura,anna.liz.moura@live.com,27,Feminino,10,2024-11-14 10:47:05.741290
595,Maria Cecília Barbosa,maria.cecilia.barbosa@hotmail.com,40,Masculino,39,2026-05-18 12:21:45.846489
596,Yan Montenegro,yan.montenegro@uol.com.br,26,Masculino,10,2024-06-28 05:32:28.631934
597,Zoe Cassiano,zoe.cassiano@yahoo.com.br,56,Feminino,35,2025-11-26 01:00:34.181883
598,Dr. Danilo Rodrigues,dr..danilo.rodrigues@uol.com.br,39,Prefiro não informar,12,2026-03-04 13:14:14.479647
599,Dra. Rebeca Borges,dra..rebeca.borges@icloud.com,34,Feminino,2,2026-02-17 05:42:20.676096
600,Ana Laura Marques,ana.laura.marques@yahoo.com.br,35,Masculino,23,2024-11-13 12:15:27.507082
